{"cameraMode":{"drawMode":0,"name":"Shaded","section":"Shading Mode"},"sceneLighting":true,"audioPlay":false,"sceneViewState":{"showFog":true,"showMaterialUpdate":true,"showSkybox":true,"showFlares":true,"showImageEffects":true,"showParticleSystems":true},"in2DMode":false,"pivot":{"x":42.23424530029297,"y":-99.16413116455078,"z":137.145263671875},"rotation":{"x":-0.3187272548675537,"y":-0.0877431258559227,"z":0.029574181884527208,"w":-0.9433736801147461},"size":84.8832015991211,"orthographic":false}