{"cameraMode":{"drawMode":0,"name":"Shaded","section":"Shading Mode"},"sceneLighting":true,"audioPlay":false,"sceneViewState":{"showFog":true,"showMaterialUpdate":true,"showSkybox":true,"showFlares":true,"showImageEffects":true,"showParticleSystems":true},"in2DMode":false,"pivot":{"x":26.077634811401368,"y":-48.852596282958987,"z":111.36395263671875},"rotation":{"x":-0.29275229573249819,"y":-0.03886382654309273,"z":0.011786888353526593,"w":-0.9554606676101685},"size":77.87051391601563,"orthographic":false}