{"cameraMode":{"drawMode":0,"name":"Shaded","section":"Shading Mode"},"sceneLighting":true,"audioPlay":false,"sceneViewState":{"showFog":true,"showMaterialUpdate":true,"showSkybox":true,"showFlares":true,"showImageEffects":true,"showParticleSystems":true},"in2DMode":false,"pivot":{"x":62.13593292236328,"y":113.556396484375,"z":29.9898681640625},"rotation":{"x":0.00977750401943922,"y":-0.9569137692451477,"z":0.288487046957016,"w":0.03247461095452309},"size":147.02052307128907,"orthographic":false}