{"cameraMode":{"drawMode":0,"name":"Shaded","section":"Shading Mode"},"sceneLighting":true,"audioPlay":false,"sceneViewState":{"showFog":true,"showMaterialUpdate":true,"showSkybox":true,"showFlares":true,"showImageEffects":true,"showParticleSystems":true},"in2DMode":false,"pivot":{"x":22.179718017578126,"y":4.145236492156982,"z":12.12088680267334},"rotation":{"x":-0.26453256607055666,"y":-0.19200673699378968,"z":0.0537487231194973,"w":-0.9436017870903015},"size":4.24849796295166,"orthographic":false}