{"cameraMode":{"drawMode":0,"name":"Shaded","section":"Shading Mode"},"sceneLighting":true,"audioPlay":false,"sceneViewState":{"showFog":true,"showMaterialUpdate":true,"showSkybox":true,"showFlares":true,"showImageEffects":true,"showParticleSystems":true},"in2DMode":false,"pivot":{"x":-24.032249450683595,"y":-4.371953010559082,"z":6.1640777587890629},"rotation":{"x":-0.045691296458244327,"y":0.8092449903488159,"z":-0.06350070983171463,"w":-0.5822578072547913},"size":38.68750762939453,"orthographic":false}