{"cameraMode":{"drawMode":0,"name":"Shaded","section":"Shading Mode"},"sceneLighting":true,"audioPlay":false,"sceneViewState":{"showFog":true,"showMaterialUpdate":true,"showSkybox":true,"showFlares":true,"showImageEffects":true,"showParticleSystems":true},"in2DMode":false,"pivot":{"x":-0.07086181640625,"y":1.461430549621582,"z":1.2236328125},"rotation":{"x":-0.2165336310863495,"y":0.49796822667121889,"z":-0.129972904920578,"w":-0.8296130895614624},"size":28.8071231842041,"orthographic":false}