{"cameraMode":{"drawMode":0,"name":"Shaded","section":"Shading Mode"},"sceneLighting":true,"audioPlay":false,"sceneViewState":{"showFog":true,"showMaterialUpdate":true,"showSkybox":true,"showFlares":true,"showImageEffects":true,"showParticleSystems":true},"in2DMode":false,"pivot":{"x":19.959999084472658,"y":2.690000057220459,"z":16.0},"rotation":{"x":-0.21453186869621278,"y":-0.16296900808811189,"z":0.03624292463064194,"w":-0.9624140858650208},"size":36.52010726928711,"orthographic":false}